{"name":"Authorized King James Version - PCE","shortname":"KJV PCE","module":"kjvpce","year":"1611 \/ 1769","publisher":null,"owner":null,"description":"<p>King James Bible: Pure Cambridge Edition<\/p><p>Sourced from <a href=\"http:\/\/www.bibleprotector.com\/\" target=\"_blank\" rel=\"noopener noreferrer\">http:\/\/www.bibleprotector.com\/<\/a><\/p>","lang":"English","lang_short":"en","copyright":0,"copyright_id":2,"copyright_statement":"","url":null,"citation_limit":0,"restrict":0,"italics":0,"strongs":0,"red_letter":0,"paragraph":0,"official":1,"research":0,"hebrew_text_id":null,"greek_text_id":null,"translation_type_id":null,"rank":30,"module_v2":null,"module_version":"6.1.2","importer":null,"import_file":null,"delimiter":"|","fields":["book","chapter","verse","text","italics","strongs"]}